symbol,direction,entry_time,entry_price,exit_time,exit_price,stake,multiplier,pnl,outcome,equity_after
1HZ15V,buy,2025-07-11T03:00:00.000Z,15939.733,2025-07-24T00:00:00.000Z,15116.081,1,10,-0.52,BIAS_REVERSAL,9.48
cryBTCUSD,buy,2025-07-11T09:30:00.000Z,118138.55,2025-08-03T00:00:00.000Z,112622.25,1,5,-0.23,BIAS_REVERSAL,9.77
BOOM900,sell,2025-07-12T01:00:00.000Z,9669.181,2025-07-29T00:00:00.000Z,10130.965,1,5,-0.24,BIAS_REVERSAL,9.76
CRASH500,buy,2025-07-12T04:00:00.000Z,2778.228,2025-08-23T00:00:00.000Z,3006.515,1,5,0.41,BIAS_REVERSAL,10.41
JD75,sell,2025-07-12T04:45:00.000Z,17042.94,2025-07-15T14:15:00.000Z,19769.8104,1,5,-0.80,SL,9.20
R_25,buy,2025-07-12T04:45:00.000Z,2808.893,2025-07-25T00:00:00.000Z,2770.168,1,10,-0.14,BIAS_REVERSAL,9.86
1HZ10V,sell,2025-07-12T10:45:00.000Z,8813.27,2025-08-14T00:00:00.000Z,8834.57,1,10,-0.02,BIAS_REVERSAL,9.98
STPRNG,sell,2025-07-12T14:00:00.000Z,8302.8,2025-08-14T00:00:00.000Z,8284.8,1,10,0.02,BIAS_REVERSAL,10.02
BOOM500,buy,2025-07-13T01:00:00.000Z,4397.193,2025-10-15T00:00:00.000Z,5046.475,1,5,0.74,BIAS_REVERSAL,10.74
R_50,buy,2025-07-13T06:00:00.000Z,122.5233,2025-07-19T20:15:00.000Z,112.72143600000001,1,10,-0.80,SL,9.20
R_75,sell,2025-07-13T06:15:00.000Z,101253.1853,2025-08-04T00:00:00.000Z,97770.0719,1,5,0.17,BIAS_REVERSAL,10.17
1HZ50V,sell,2025-07-13T08:15:00.000Z,234969.4,2025-07-18T19:45:00.000Z,253766.95200000002,1,10,-0.80,SL,9.20
BOOM600,buy,2025-07-13T10:45:00.000Z,5503.34,2025-08-09T00:00:00.000Z,5560.091,1,5,0.05,BIAS_REVERSAL,10.05
JD100,sell,2025-07-13T13:45:00.000Z,2768.73,2025-07-29T07:00:00.000Z,3211.7268,1,5,-0.80,SL,9.20
BOOM1000,buy,2025-07-14T04:45:00.000Z,17804.697,2025-08-17T00:00:00.000Z,18093.227,1,5,0.08,BIAS_REVERSAL,10.08
frxXAUUSD,buy,2025-07-14T07:15:00.000Z,3367.78,2025-07-28T00:00:00.000Z,3333.76,1,10,-0.10,BIAS_REVERSAL,9.90
CRASH1000,sell,2025-07-15T03:00:00.000Z,5133.441,2025-07-19T00:00:00.000Z,5281.841,1,5,-0.14,BIAS_REVERSAL,9.86
R_10,buy,2025-07-15T06:30:00.000Z,6320.116,2025-07-19T00:00:00.000Z,6266.992,1,10,-0.08,BIAS_REVERSAL,9.92
1HZ100V,buy,2025-07-15T07:00:00.000Z,625.05,2025-07-29T00:00:00.000Z,650.78,1,5,0.21,BIAS_REVERSAL,10.21
frxUSDJPY,buy,2025-07-15T12:15:00.000Z,147.94,2025-07-24T00:00:00.000Z,146.463,1,10,-0.10,BIAS_REVERSAL,9.90
frxEURUSD,sell,2025-07-15T14:15:00.000Z,1.16361,2025-07-24T00:00:00.000Z,1.17685,1,10,-0.11,BIAS_REVERSAL,9.89
frxGBPUSD,sell,2025-07-15T14:15:00.000Z,1.34083,2025-07-23T00:00:00.000Z,1.35192,1,10,-0.08,BIAS_REVERSAL,9.92
frxUSDCAD,buy,2025-07-15T15:00:00.000Z,1.37193,2025-08-29T00:00:00.000Z,1.37471,1,10,0.02,BIAS_REVERSAL,10.02
frxNZDUSD,sell,2025-07-15T15:00:00.000Z,0.59505,2025-07-24T00:00:00.000Z,0.60439,1,10,-0.16,BIAS_REVERSAL,9.84
CRASH600,sell,2025-07-15T21:00:00.000Z,18613.359,2025-07-21T00:00:00.000Z,19541.861,1,5,-0.25,BIAS_REVERSAL,9.75
STPRNG3,sell,2025-07-16T01:45:00.000Z,11712.7,2025-07-18T00:00:00.000Z,11687.2,1,10,0.02,BIAS_REVERSAL,10.02
JD10,buy,2025-07-16T02:30:00.000Z,85773.62,2025-07-18T00:00:00.000Z,84192.84,1,10,-0.18,BIAS_REVERSAL,9.82
STPRNG4,sell,2025-07-16T05:45:00.000Z,9617.2,2025-07-20T00:00:00.000Z,9664.8,1,10,-0.05,BIAS_REVERSAL,9.95
cryETHUSD,buy,2025-07-16T09:00:00.000Z,3163.615,2025-08-03T00:00:00.000Z,3398.545,1,5,0.37,BIAS_REVERSAL,10.37
frxUSDCHF,buy,2025-07-16T13:15:00.000Z,0.80418,2025-07-22T00:00:00.000Z,0.79913,1,10,-0.06,BIAS_REVERSAL,9.94
JD50,buy,2025-07-16T14:30:00.000Z,31278.26,2025-07-24T11:45:00.000Z,36282.781599999995,1,10,1.60,TP,11.60
JD25,sell,2025-07-16T22:30:00.000Z,119734.83,2025-07-23T10:00:00.000Z,129313.61640000001,1,10,-0.80,SL,9.20
STPRNG2,buy,2025-07-17T07:00:00.000Z,10947,2025-08-24T00:00:00.000Z,11233.4,1,10,0.26,BIAS_REVERSAL,10.26
1HZ75V,sell,2025-07-18T01:00:00.000Z,3891.39,2025-08-01T23:45:00.000Z,4514.0124,1,5,-0.80,SL,9.20
frxXAGUSD,buy,2025-07-18T09:00:00.000Z,38.2958,2025-09-23T11:15:00.000Z,44.423128,1,10,1.60,TP,11.60
frxEURCAD,buy,2025-07-18T12:00:00.000Z,1.5978,2025-12-01T00:00:00.000Z,1.62141,1,10,0.15,BIAS_REVERSAL,10.15
JD10,sell,2025-07-18T13:15:00.000Z,83692.55,2025-08-16T00:00:00.000Z,83908.36,1,10,-0.03,BIAS_REVERSAL,9.79
STPRNG3,buy,2025-07-18T16:00:00.000Z,11731.9,2025-08-04T00:00:00.000Z,11877.1,1,10,0.12,BIAS_REVERSAL,10.15
R_100,buy,2025-07-18T21:30:00.000Z,1065.27,2025-08-11T00:00:00.000Z,956.34,1,5,-0.51,BIAS_REVERSAL,9.49
CRASH1000,buy,2025-07-19T02:00:00.000Z,5294.867,2025-07-20T00:00:00.000Z,5225.139,1,5,-0.07,BIAS_REVERSAL,9.79
R_10,sell,2025-07-19T09:00:00.000Z,6260.354,2025-07-21T00:00:00.000Z,6306.235,1,10,-0.07,BIAS_REVERSAL,9.84
1HZ25V,sell,2025-07-19T13:30:00.000Z,688172.53,2025-09-02T00:00:00.000Z,631072.57,1,10,0.83,BIAS_REVERSAL,10.83
CRASH1000,sell,2025-07-20T01:15:00.000Z,5209.884,2025-07-29T00:00:00.000Z,5415.887,1,5,-0.20,BIAS_REVERSAL,9.59
R_50,sell,2025-07-20T03:00:00.000Z,111.1212,2025-07-21T00:00:00.000Z,113.091,1,10,-0.18,BIAS_REVERSAL,9.02
STPRNG4,buy,2025-07-20T04:00:00.000Z,9716.4,2025-08-19T00:00:00.000Z,9179.6,1,10,-0.55,BIAS_REVERSAL,9.40
1HZ50V,sell,2025-07-20T04:15:00.000Z,239752.38,2025-07-31T10:45:00.000Z,201391.9992,1,10,1.60,TP,10.80
STPRNG5,sell,2025-07-21T01:00:00.000Z,6071.5,2025-07-26T23:15:00.000Z,6557.22,1,10,-0.80,SL,9.20
JD75,sell,2025-07-21T03:00:00.000Z,19243.15,2025-07-27T00:00:00.000Z,20033.21,1,5,-0.21,BIAS_REVERSAL,8.99
R_50,buy,2025-07-21T05:15:00.000Z,114.384,2025-08-05T00:00:00.000Z,122.752,1,10,0.73,BIAS_REVERSAL,9.75
R_10,buy,2025-07-21T10:00:00.000Z,6321.65,2025-07-23T00:00:00.000Z,6261.032,1,10,-0.10,BIAS_REVERSAL,9.75
CRASH900,buy,2025-07-21T15:00:00.000Z,13955.842,2025-08-09T00:00:00.000Z,14014.302,1,5,0.02,BIAS_REVERSAL,10.02
CRASH600,sell,2025-07-22T02:30:00.000Z,18933.201,2025-08-16T00:00:00.000Z,19216.123,1,5,-0.07,BIAS_REVERSAL,9.68
frxEURAUD,buy,2025-07-22T07:45:00.000Z,1.79448,2025-08-11T00:00:00.000Z,1.78652,1,10,-0.04,BIAS_REVERSAL,9.96
frxGBPJPY,sell,2025-07-22T12:15:00.000Z,198.457,2025-08-12T00:00:00.000Z,199.131,1,10,-0.03,BIAS_REVERSAL,9.97
frxUSDCHF,sell,2025-07-22T15:00:00.000Z,0.79564,2025-07-31T00:00:00.000Z,0.81323,1,10,-0.22,BIAS_REVERSAL,9.72
frxAUDUSD,buy,2025-07-22T15:45:00.000Z,0.655,2025-07-31T00:00:00.000Z,0.64449,1,10,-0.16,BIAS_REVERSAL,9.84
frxGBPUSD,buy,2025-07-23T14:00:00.000Z,1.3545,2025-07-29T00:00:00.000Z,1.33546,1,10,-0.14,BIAS_REVERSAL,9.78
1HZ90V,sell,2025-07-24T02:00:00.000Z,14592.991,2025-07-27T18:00:00.000Z,16927.86956,1,5,-0.80,SL,9.20
JD50,buy,2025-07-24T11:45:00.000Z,36072.33,2025-07-25T08:30:00.000Z,33186.543600000005,1,10,-0.80,SL,10.80
frxUSDJPY,buy,2025-07-25T08:00:00.000Z,147.384,2025-08-28T00:00:00.000Z,147.462,1,10,0.01,BIAS_REVERSAL,9.91
frxNZDUSD,sell,2025-07-25T08:00:00.000Z,0.6012,2025-09-09T00:00:00.000Z,0.59459,1,10,0.11,BIAS_REVERSAL,9.95
frxEURGBP,buy,2025-07-25T14:00:00.000Z,0.87233,2025-07-31T00:00:00.000Z,0.86295,1,10,-0.11,BIAS_REVERSAL,9.89
JD25,sell,2025-07-25T14:00:00.000Z,125614.81,2025-08-28T00:00:00.000Z,122939.35,1,10,0.21,BIAS_REVERSAL,9.41
R_25,buy,2025-07-27T13:30:00.000Z,2844.896,2025-08-07T00:00:00.000Z,2902.656,1,10,0.20,BIAS_REVERSAL,10.07
JD50,buy,2025-07-27T15:00:00.000Z,34124.05,2025-08-13T06:15:00.000Z,39583.898,1,10,1.60,TP,12.40
JD75,buy,2025-07-27T22:15:00.000Z,20802.11,2025-07-31T00:00:00.000Z,19644.4,1,5,-0.28,BIAS_REVERSAL,8.72
1HZ15V,buy,2025-07-28T05:45:00.000Z,15205.802,2025-07-30T00:00:00.000Z,14946.142,1,10,-0.17,BIAS_REVERSAL,9.31
BOOM900,buy,2025-07-29T02:45:00.000Z,10138.553,2025-08-07T00:00:00.000Z,9984.901,1,5,-0.08,BIAS_REVERSAL,9.69
frxGBPUSD,sell,2025-07-29T07:15:00.000Z,1.33248,2025-08-08T00:00:00.000Z,1.34495,1,10,-0.09,BIAS_REVERSAL,9.68
frxEURUSD,sell,2025-07-29T12:30:00.000Z,1.15345,2025-09-09T00:00:00.000Z,1.17682,1,10,-0.20,BIAS_REVERSAL,9.68
JD100,sell,2025-07-30T05:45:00.000Z,2842.47,2025-08-05T08:45:00.000Z,1932.8795999999998,1,5,1.60,TP,10.80
STPRNG5,buy,2025-07-30T10:00:00.000Z,6370,2025-08-01T00:00:00.000Z,6098.5,1,10,-0.43,BIAS_REVERSAL,8.77
1HZ100V,buy,2025-07-30T21:00:00.000Z,701.39,2025-08-05T22:15:00.000Z,589.1676,1,5,-0.80,SL,9.41
1HZ50V,sell,2025-07-31T10:45:00.000Z,202054.76,2025-08-03T03:00:00.000Z,218219.14080000002,1,10,-0.80,SL,10.00
frxEURCHF,sell,2025-07-31T16:45:00.000Z,0.92835,2025-08-05T00:00:00.000Z,0.93501,1,10,-0.07,BIAS_REVERSAL,9.93
frxUSDCHF,buy,2025-08-01T08:00:00.000Z,0.81474,2025-09-09T00:00:00.000Z,0.79293,1,10,-0.27,BIAS_REVERSAL,9.45
frxEURGBP,buy,2025-08-01T09:15:00.000Z,0.86686,2025-08-12T00:00:00.000Z,0.86482,1,10,-0.02,BIAS_REVERSAL,9.87
1HZ15V,sell,2025-08-02T08:45:00.000Z,14608.714,2025-09-09T00:00:00.000Z,13433.049,1,10,0.80,BIAS_REVERSAL,10.12
cryETHUSD,buy,2025-08-04T02:45:00.000Z,3546.335,2025-08-13T04:30:00.000Z,4681.162200000001,1,5,1.60,TP,11.97
frxXAUUSD,buy,2025-08-04T13:00:00.000Z,3367.87,2025-10-06T00:00:00.000Z,3906.7291999999998,1,10,1.60,TP,11.50
R_75,buy,2025-08-04T20:15:00.000Z,100793.2395,2025-08-06T00:00:00.000Z,93497.0549,1,5,-0.36,BIAS_REVERSAL,9.81
R_50,sell,2025-08-05T09:00:00.000Z,120.7362,2025-08-08T00:00:00.000Z,124.4863,1,10,-0.31,BIAS_REVERSAL,9.44
JD100,sell,2025-08-05T09:15:00.000Z,1919.2,2025-08-13T14:45:00.000Z,2226.272,1,5,-0.80,SL,10.00
R_25,buy,2025-08-08T01:00:00.000Z,2936.283,2025-08-12T00:00:00.000Z,2834.694,1,10,-0.35,BIAS_REVERSAL,9.72
R_50,buy,2025-08-08T05:00:00.000Z,125.5719,2025-08-18T00:00:00.000Z,124.1434,1,10,-0.11,BIAS_REVERSAL,9.33
1HZ50V,sell,2025-08-09T07:45:00.000Z,211489.63,2025-08-24T04:30:00.000Z,228408.8004,1,10,-0.80,SL,9.20
frxEURGBP,sell,2025-08-12T07:00:00.000Z,0.86417,2025-08-19T00:00:00.000Z,0.8638,1,10,0.00,BIAS_REVERSAL,9.87
frxGBPJPY,buy,2025-08-12T08:15:00.000Z,199.483,2025-08-20T00:00:00.000Z,199.18,1,10,-0.02,BIAS_REVERSAL,9.95
JD50,buy,2025-08-13T06:15:00.000Z,39545.43,2025-08-23T00:00:00.000Z,39762.1,1,10,0.05,BIAS_REVERSAL,12.45
cryETHUSD,buy,2025-08-13T09:45:00.000Z,4650.085,2025-08-26T00:00:00.000Z,4362.755,1,5,-0.31,BIAS_REVERSAL,11.66
JD100,buy,2025-08-14T04:00:00.000Z,2398.78,2025-08-20T00:00:00.000Z,2362.29,1,5,-0.08,BIAS_REVERSAL,9.92
1HZ90V,buy,2025-08-16T02:30:00.000Z,20011.496,2025-08-28T00:00:00.000Z,18277.092,1,5,-0.43,BIAS_REVERSAL,8.77
BOOM600,sell,2025-08-16T07:00:00.000Z,5454.754,2025-08-24T00:00:00.000Z,6092.673,1,5,-0.58,BIAS_REVERSAL,9.47
R_50,sell,2025-08-18T01:00:00.000Z,123.4822,2025-08-21T00:00:00.000Z,124.8452,1,10,-0.11,BIAS_REVERSAL,9.22
STPRNG,buy,2025-08-18T15:00:00.000Z,8399.1,2025-09-03T00:00:00.000Z,8231.6,1,10,-0.20,BIAS_REVERSAL,9.82
1HZ10V,buy,2025-08-19T04:00:00.000Z,9058.34,2025-09-18T00:00:00.000Z,9239.87,1,10,0.20,BIAS_REVERSAL,10.18
frxEURGBP,buy,2025-08-19T10:45:00.000Z,0.86412,2025-09-18T00:00:00.000Z,0.86752,1,10,0.04,BIAS_REVERSAL,9.91
frxAUDUSD,sell,2025-08-19T15:30:00.000Z,0.64628,2025-08-29T00:00:00.000Z,0.65336,1,10,-0.11,BIAS_REVERSAL,9.73
JD100,sell,2025-08-21T09:00:00.000Z,2190.08,2025-08-27T06:00:00.000Z,1489.2543999999998,1,5,1.60,TP,11.52
STPRNG3,sell,2025-08-21T19:15:00.000Z,11372.2,2025-09-23T00:00:00.000Z,10736.5,1,10,0.56,BIAS_REVERSAL,10.70
STPRNG4,sell,2025-08-22T04:15:00.000Z,8920.8,2025-09-10T00:00:00.000Z,9086.8,1,10,-0.19,BIAS_REVERSAL,9.21
JD50,sell,2025-08-23T02:15:00.000Z,39523.02,2025-08-25T00:00:00.000Z,40547.65,1,10,-0.26,BIAS_REVERSAL,12.20
JD10,buy,2025-08-26T06:00:00.000Z,87351.05,2025-09-27T00:00:00.000Z,88378.88,1,10,0.12,BIAS_REVERSAL,9.91
CRASH500,buy,2025-08-26T17:00:00.000Z,3065.491,2025-09-27T00:00:00.000Z,3159.125,1,5,0.15,BIAS_REVERSAL,10.56
R_75,sell,2025-08-28T06:00:00.000Z,84979.5097,2025-09-08T00:00:00.000Z,75099.1938,1,5,0.58,BIAS_REVERSAL,10.39
JD100,sell,2025-08-28T12:00:00.000Z,1392.83,2025-09-02T15:00:00.000Z,1615.6827999999998,1,5,-0.80,SL,10.72
CRASH900,buy,2025-08-29T01:00:00.000Z,16249.478,2025-10-31T00:00:00.000Z,19997.279,1,5,1.15,BIAS_REVERSAL,11.17
STPRNG5,buy,2025-08-30T01:30:00.000Z,6741.5,2025-09-18T00:00:00.000Z,6433.5,1,10,-0.46,BIAS_REVERSAL,8.32
1HZ90V,buy,2025-08-31T11:15:00.000Z,20769.705,2025-09-30T00:00:00.000Z,20290.03,1,5,-0.12,BIAS_REVERSAL,8.65
frxEURAUD,sell,2025-09-03T10:00:00.000Z,1.7847,2025-09-19T00:00:00.000Z,1.78057,1,10,0.02,BIAS_REVERSAL,9.98
JD100,sell,2025-09-04T05:30:00.000Z,1500.79,2025-09-16T21:30:00.000Z,1740.9163999999998,1,5,-0.80,SL,9.92
BOOM900,sell,2025-09-06T01:15:00.000Z,9637.855,2025-09-24T00:00:00.000Z,9846.029,1,5,-0.11,BIAS_REVERSAL,9.58
R_100,buy,2025-09-07T02:45:00.000Z,1276.11,2025-09-19T16:30:00.000Z,1071.9324,1,5,-0.80,SL,8.69
R_75,buy,2025-09-08T01:30:00.000Z,75437.4132,2025-09-12T00:00:00.000Z,75165.8958,1,5,-0.02,BIAS_REVERSAL,10.37
1HZ100V,buy,2025-09-08T04:15:00.000Z,773.28,2025-09-29T22:15:00.000Z,649.5551999999999,1,5,-0.80,SL,8.61
BOOM600,buy,2025-09-09T06:15:00.000Z,6257.446,2025-10-05T00:00:00.000Z,6566.697,1,5,0.25,BIAS_REVERSAL,9.71
frxUSDJPY,sell,2025-09-09T09:00:00.000Z,146.626,2025-10-09T00:00:00.000Z,152.611,1,10,-0.41,BIAS_REVERSAL,9.50
1HZ15V,buy,2025-09-09T18:00:00.000Z,13461.587,2025-09-14T00:00:00.000Z,13442.1,1,10,-0.01,BIAS_REVERSAL,10.10
STPRNG2,sell,2025-09-10T21:00:00.000Z,10541.6,2025-09-19T00:00:00.000Z,10778.6,1,10,-0.22,BIAS_REVERSAL,10.04
R_75,sell,2025-09-12T17:30:00.000Z,74410.7313,2025-10-26T05:15:00.000Z,50599.29728399999,1,5,1.60,TP,11.97
STPRNG,sell,2025-09-13T02:45:00.000Z,8166.9,2025-11-03T00:00:00.000Z,8130.5,1,10,0.04,BIAS_REVERSAL,9.87
JD25,sell,2025-09-13T06:45:00.000Z,109437.76,2025-10-12T19:45:00.000Z,118192.78080000001,1,10,-0.80,SL,8.61
1HZ50V,buy,2025-09-13T11:00:00.000Z,222771.71,2025-09-16T06:15:00.000Z,204949.9732,1,10,-0.80,SL,8.40
frxEURUSD,buy,2025-09-16T07:00:00.000Z,1.17875,2025-10-14T00:00:00.000Z,1.1559,1,10,-0.19,BIAS_REVERSAL,9.49
frxEURAUD,buy,2025-09-19T14:15:00.000Z,1.78329,2025-09-25T00:00:00.000Z,1.78294,1,10,-0.00,BIAS_REVERSAL,9.98
JD100,sell,2025-09-19T22:45:00.000Z,1728.58,2025-10-12T00:00:00.000Z,1341.3,1,5,1.12,BIAS_REVERSAL,11.04
STPRNG2,sell,2025-09-20T20:00:00.000Z,10648.8,2025-10-06T00:00:00.000Z,10649.6,1,10,-0.00,BIAS_REVERSAL,10.04
1HZ25V,sell,2025-09-22T07:45:00.000Z,630021.89,2025-09-27T00:00:00.000Z,648476.66,1,10,-0.29,BIAS_REVERSAL,10.54
frxXAGUSD,buy,2025-09-23T11:15:00.000Z,44.277,2025-10-13T03:15:00.000Z,51.36132,1,10,1.60,TP,13.20
CRASH600,buy,2025-09-23T16:00:00.000Z,19280.957,2025-10-04T00:00:00.000Z,17901.716,1,5,-0.36,BIAS_REVERSAL,9.32
STPRNG3,buy,2025-09-23T19:15:00.000Z,10772.8,2025-09-28T00:00:00.000Z,10844.2,1,10,0.07,BIAS_REVERSAL,10.77
frxUSDCAD,buy,2025-09-24T07:00:00.000Z,1.38541,2025-12-01T00:00:00.000Z,1.39779,1,10,0.09,BIAS_REVERSAL,10.11
JD50,buy,2025-09-25T09:00:00.000Z,45324.23,2025-11-09T12:45:00.000Z,52576.1068,1,10,1.60,TP,13.80
1HZ10V,buy,2025-09-30T04:00:00.000Z,9414.68,2025-10-12T00:00:00.000Z,9395.22,1,10,-0.02,BIAS_REVERSAL,10.16
R_100,sell,2025-10-01T09:00:00.000Z,990.84,2025-11-29T20:15:00.000Z,673.7711999999999,1,5,1.60,TP,10.29
CRASH500,sell,2025-10-01T10:00:00.000Z,2878.998,2025-10-13T00:00:00.000Z,2917.365,1,5,-0.07,BIAS_REVERSAL,10.50
R_25,sell,2025-10-02T05:15:00.000Z,2594.599,2025-11-14T00:00:00.000Z,2702.71,1,10,-0.42,BIAS_REVERSAL,9.30
frxXAUUSD,buy,2025-10-06T07:45:00.000Z,3933.09,2026-01-12T00:15:00.000Z,4562.3844,1,10,1.60,TP,13.10
BOOM600,buy,2025-10-06T13:15:00.000Z,6659.4,2025-10-15T00:00:00.000Z,6404.369,1,5,-0.19,BIAS_REVERSAL,9.52
STPRNG3,buy,2025-10-08T03:30:00.000Z,11305.9,2025-11-17T00:00:00.000Z,11338.9,1,10,0.03,BIAS_REVERSAL,10.80
CRASH500,buy,2025-10-13T03:15:00.000Z,2924.892,2025-10-15T00:00:00.000Z,2911.494,1,5,-0.02,BIAS_REVERSAL,10.47
frxXAGUSD,buy,2025-10-13T12:45:00.000Z,51.5748,2025-10-27T11:00:00.000Z,47.44881600000001,1,10,-0.80,SL,12.40
JD10,buy,2025-10-14T05:15:00.000Z,92960.35,2025-11-04T00:00:00.000Z,94680.53,1,10,0.19,BIAS_REVERSAL,10.09
STPRNG2,buy,2025-10-14T10:00:00.000Z,10814.2,2025-10-28T00:00:00.000Z,11082,1,10,0.25,BIAS_REVERSAL,10.28
frxEURCHF,sell,2025-10-17T10:15:00.000Z,0.92341,2025-11-20T00:00:00.000Z,0.92943,1,10,-0.07,BIAS_REVERSAL,9.86
BOOM500,buy,2025-10-18T14:45:00.000Z,5306.548,2025-11-29T00:00:00.000Z,5498.407,1,5,0.18,BIAS_REVERSAL,10.92
BOOM600,sell,2025-10-20T03:30:00.000Z,6103.192,2025-10-26T00:00:00.000Z,6194.671,1,5,-0.07,BIAS_REVERSAL,9.45
BOOM1000,sell,2025-10-22T06:00:00.000Z,17604.149,2025-12-16T00:00:00.000Z,16984.996,1,5,0.18,BIAS_REVERSAL,10.26
JD25,buy,2025-10-23T01:00:00.000Z,128106.93,2025-10-30T00:00:00.000Z,128606.81,1,10,0.04,BIAS_REVERSAL,8.65
1HZ25V,buy,2025-10-25T01:30:00.000Z,709290.28,2025-11-08T00:00:00.000Z,666319.78,1,10,-0.61,BIAS_REVERSAL,9.93
R_75,sell,2025-10-26T05:15:00.000Z,50772.541,2025-11-29T00:00:00.000Z,40204.0835,1,5,1.04,BIAS_REVERSAL,13.01
cryBTCUSD,buy,2025-10-26T11:30:00.000Z,112649.544,2025-10-30T00:00:00.000Z,110103.988,1,5,-0.11,BIAS_REVERSAL,9.65
1HZ75V,buy,2025-10-29T17:00:00.000Z,4816,2025-11-04T00:00:00.000Z,4432.72,1,5,-0.40,BIAS_REVERSAL,8.80
CRASH500,buy,2025-10-30T02:00:00.000Z,3422.137,2025-11-12T00:00:00.000Z,3091.856,1,5,-0.48,BIAS_REVERSAL,9.99
frxNZDUSD,sell,2025-11-04T09:00:00.000Z,0.56757,2025-11-28T00:00:00.000Z,0.57304,1,10,-0.10,BIAS_REVERSAL,9.86
JD10,buy,2025-11-05T05:15:00.000Z,95535.65,2025-11-15T00:00:00.000Z,94723.03,1,10,-0.09,BIAS_REVERSAL,10.01
1HZ75V,buy,2025-11-05T08:30:00.000Z,4589.7,2025-12-01T00:00:00.000Z,4205.26,1,5,-0.42,BIAS_REVERSAL,8.38
JD25,buy,2025-11-06T03:00:00.000Z,127800.89,2025-11-15T00:00:00.000Z,119954.46,1,10,-0.61,BIAS_REVERSAL,8.04
frxXAGUSD,buy,2025-11-06T07:00:00.000Z,48.3621,2025-11-18T00:00:00.000Z,49.9486,1,10,0.33,BIAS_REVERSAL,12.73
STPRNG2,sell,2025-11-06T08:00:00.000Z,10599,2025-12-02T00:00:00.000Z,10943.8,1,10,-0.33,BIAS_REVERSAL,9.96
BOOM600,sell,2025-11-09T02:00:00.000Z,6189.316,2025-11-20T00:00:00.000Z,6577.832,1,5,-0.31,BIAS_REVERSAL,9.13
frxUSDJPY,buy,2025-11-10T07:00:00.000Z,154.029,2026-02-12T00:00:00.000Z,153.398,1,10,-0.04,BIAS_REVERSAL,9.46
1HZ10V,buy,2025-11-12T01:00:00.000Z,9645.09,2025-11-29T00:00:00.000Z,9396.68,1,10,-0.26,BIAS_REVERSAL,9.90
cryETHUSD,sell,2025-11-14T23:00:00.000Z,3157.726,2025-12-14T00:00:00.000Z,3111.245,1,5,0.07,BIAS_REVERSAL,11.74
1HZ25V,sell,2025-11-16T14:00:00.000Z,677890.59,2025-12-15T20:00:00.000Z,732121.8372000001,1,10,-0.80,SL,9.13
frxGBPJPY,buy,2025-11-18T18:00:00.000Z,204.597,2026-01-19T00:00:00.000Z,211.303,1,10,0.33,BIAS_REVERSAL,10.28
frxXAGUSD,buy,2025-11-19T10:00:00.000Z,52.1509,2025-12-09T16:00:00.000Z,60.49504399999999,1,10,1.60,TP,14.33
JD10,sell,2025-11-20T06:15:00.000Z,92648.53,2025-12-20T00:00:00.000Z,94195.37,1,10,-0.17,BIAS_REVERSAL,9.84
JD25,sell,2025-11-25T09:45:00.000Z,116465.92,2025-11-29T11:30:00.000Z,125783.19360000001,1,10,-0.80,SL,7.24
frxEURAUD,sell,2025-11-27T09:15:00.000Z,1.77554,2026-01-21T00:00:00.000Z,1.74145,1,10,0.19,BIAS_REVERSAL,10.17
STPRNG3,sell,2025-11-27T12:45:00.000Z,11263,2025-12-28T00:00:00.000Z,10767.1,1,10,0.44,BIAS_REVERSAL,11.24
CRASH50,sell,2025-11-30T22:00:00.000Z,99299.624,2025-12-30T00:00:00.000Z,98781.167,1,5,0.03,BIAS_REVERSAL,10.03
cryBTCUSD,sell,2025-12-01T02:30:00.000Z,87056.469,2026-01-04T00:00:00.000Z,91372.757,1,5,-0.25,BIAS_REVERSAL,9.41
BOOM50,buy,2025-12-03T04:00:00.000Z,100735.599,2025-12-21T00:00:00.000Z,100086.857,1,5,-0.03,BIAS_REVERSAL,9.97
R_25,sell,2025-12-07T04:00:00.000Z,2332.335,2025-12-16T03:00:00.000Z,2518.9218,1,10,-0.80,SL,8.50
BOOM500,buy,2025-12-10T12:15:00.000Z,6036.263,2025-12-19T00:00:00.000Z,6170.924,1,5,0.11,BIAS_REVERSAL,11.03
1HZ100V,sell,2025-12-12T02:00:00.000Z,788.26,2025-12-28T12:45:00.000Z,914.3815999999999,1,5,-0.80,SL,7.81
R_100,sell,2025-12-13T07:00:00.000Z,525.22,2025-12-16T08:00:00.000Z,609.2552,1,5,-0.80,SL,9.49
STPRNG,sell,2025-12-17T05:00:00.000Z,7854.5,2026-01-25T00:00:00.000Z,7831.2,1,10,0.03,BIAS_REVERSAL,9.90
JD100,buy,2025-12-19T03:15:00.000Z,1604.91,2025-12-31T00:00:00.000Z,1414.72,1,5,-0.59,BIAS_REVERSAL,10.45
BOOM50,sell,2025-12-21T01:00:00.000Z,100062,2025-12-26T00:00:00.000Z,100483.13,1,5,-0.02,BIAS_REVERSAL,9.95
STPRNG2,sell,2025-12-21T07:00:00.000Z,10513.6,2025-12-28T00:00:00.000Z,10556.2,1,10,-0.04,BIAS_REVERSAL,9.92
BOOM500,buy,2025-12-23T05:30:00.000Z,6153.402,2025-12-27T00:00:00.000Z,5941.421,1,5,-0.17,BIAS_REVERSAL,10.86
frxUSDCAD,sell,2025-12-23T08:00:00.000Z,1.37353,2026-01-19T00:00:00.000Z,1.3905,1,10,-0.12,BIAS_REVERSAL,9.99
R_75,buy,2025-12-27T02:00:00.000Z,45266.2153,2026-01-05T21:00:00.000Z,38023.620852,1,5,-0.80,SL,12.21
BOOM500,sell,2025-12-27T07:00:00.000Z,5927.851,2026-02-03T00:00:00.000Z,5161.213,1,5,0.65,BIAS_REVERSAL,11.51
JD25,sell,2025-12-28T07:00:00.000Z,112498.12,2025-12-31T00:15:00.000Z,121497.9696,1,10,-0.80,SL,6.44
STPRNG2,buy,2025-12-28T12:00:00.000Z,10562.4,2025-12-30T00:00:00.000Z,10508.2,1,10,-0.05,BIAS_REVERSAL,9.87
1HZ15V,sell,2026-01-01T06:00:00.000Z,12650.833,2026-02-14T00:00:00.000Z,12563.546,1,10,0.07,BIAS_REVERSAL,10.17
frxEURGBP,sell,2026-01-02T10:00:00.000Z,0.87117,2026-02-11T00:00:00.000Z,0.87197,1,10,-0.01,BIAS_REVERSAL,9.90
BOOM1000,buy,2026-01-02T22:30:00.000Z,17193.898,2026-01-06T00:00:00.000Z,16687.596,1,5,-0.15,BIAS_REVERSAL,10.11
JD100,sell,2026-01-03T13:15:00.000Z,1125.67,2026-01-14T02:00:00.000Z,765.4556,1,5,1.60,TP,12.05
CRASH50,buy,2026-01-04T23:30:00.000Z,99080.647,2026-01-22T00:00:00.000Z,99294.929,1,5,0.01,BIAS_REVERSAL,10.04
CRASH900,buy,2026-01-06T12:15:00.000Z,19595.837,2026-01-23T00:00:00.000Z,18589.774,1,5,-0.26,BIAS_REVERSAL,10.92
frxAUDUSD,buy,2026-01-06T20:30:00.000Z,0.67363,2026-04-06T00:00:00.000Z,0.68926,1,10,0.23,BIAS_REVERSAL,9.96
R_100,buy,2026-01-09T04:15:00.000Z,821,2026-01-13T00:30:00.000Z,1083.72,1,5,1.60,TP,11.09
frxXAGUSD,buy,2026-01-13T14:00:00.000Z,87.709,2026-01-23T19:45:00.000Z,101.74244,1,10,1.60,TP,15.93
JD100,sell,2026-01-14T03:15:00.000Z,760.1,2026-01-25T06:00:00.000Z,516.8679999999999,1,5,1.60,TP,13.65
R_100,buy,2026-01-14T10:45:00.000Z,1084.5,2026-02-12T00:00:00.000Z,994.62,1,5,-0.41,BIAS_REVERSAL,10.67
STPRNG3,buy,2026-01-17T10:00:00.000Z,11319.1,2026-01-30T00:00:00.000Z,11106.7,1,10,-0.19,BIAS_REVERSAL,11.05
frxXAUUSD,buy,2026-01-21T08:15:00.000Z,4858.54,2026-02-02T06:15:00.000Z,4469.8568000000005,1,10,-0.80,SL,12.30
BOOM1000,sell,2026-01-21T21:15:00.000Z,15988.999,2026-03-13T00:00:00.000Z,14730.814,1,5,0.39,BIAS_REVERSAL,10.50
CRASH50,sell,2026-01-22T20:45:00.000Z,99168.028,2026-01-24T00:00:00.000Z,99398.496,1,5,-0.01,BIAS_REVERSAL,10.03
frxXAGUSD,buy,2026-01-23T20:00:00.000Z,101.9323,2026-01-28T23:15:00.000Z,118.24146799999998,1,10,1.60,TP,17.53
JD100,sell,2026-01-25T07:00:00.000Z,513.11,2026-02-10T00:00:00.000Z,474,1,5,0.38,BIAS_REVERSAL,14.03
R_75,sell,2026-01-26T13:30:00.000Z,28070.5305,2026-02-19T00:00:00.000Z,30375.8556,1,5,-0.41,BIAS_REVERSAL,11.80
CRASH50,buy,2026-01-27T04:00:00.000Z,99405.507,2026-02-06T00:00:00.000Z,99629.265,1,5,0.01,BIAS_REVERSAL,10.04
CRASH900,buy,2026-02-01T04:15:00.000Z,19302.007,2026-02-19T00:00:00.000Z,20227.831,1,5,0.24,BIAS_REVERSAL,11.16
JD10,buy,2026-02-03T02:30:00.000Z,100744.04,2026-02-08T00:00:00.000Z,97756.51,1,10,-0.30,BIAS_REVERSAL,9.54
frxEURAUD,sell,2026-02-03T07:15:00.000Z,1.68304,2026-06-10T00:00:00.000Z,1.64149,1,10,0.25,BIAS_REVERSAL,10.42
cryETHUSD,sell,2026-02-05T15:00:00.000Z,2045.2715,2026-03-16T21:30:00.000Z,2372.51494,1,5,-0.80,SL,10.94
BOOM500,sell,2026-02-08T01:00:00.000Z,5220.902,2026-02-17T00:00:00.000Z,5502.969,1,5,-0.27,BIAS_REVERSAL,11.23
frxNZDUSD,buy,2026-02-09T13:00:00.000Z,0.60304,2026-03-16T00:00:00.000Z,0.58025,1,10,-0.38,BIAS_REVERSAL,9.48
frxXAUUSD,buy,2026-02-09T14:30:00.000Z,5020.98,2026-03-19T12:00:00.000Z,4619.3016,1,10,-0.80,SL,11.50
frxXAGUSD,buy,2026-02-09T15:30:00.000Z,81.7296,2026-02-12T16:45:00.000Z,75.19123200000001,1,10,-0.80,SL,16.73
JD100,buy,2026-02-10T06:30:00.000Z,483.36,2026-02-12T00:00:00.000Z,453.99,1,5,-0.30,BIAS_REVERSAL,13.73
JD100,sell,2026-02-12T06:00:00.000Z,448.14,2026-02-24T00:00:00.000Z,503.02,1,5,-0.61,BIAS_REVERSAL,13.12
1HZ10V,buy,2026-02-21T03:00:00.000Z,9228.39,2026-04-03T00:00:00.000Z,9807.58,1,10,0.63,BIAS_REVERSAL,10.53
STPRNG3,buy,2026-02-21T04:45:00.000Z,11507.8,2026-03-23T00:00:00.000Z,11245.3,1,10,-0.23,BIAS_REVERSAL,10.82
STPRNG,buy,2026-02-22T01:45:00.000Z,7945.3,2026-03-05T00:00:00.000Z,7802.4,1,10,-0.18,BIAS_REVERSAL,9.72
BOOM500,buy,2026-02-22T19:15:00.000Z,5590.728,2026-03-03T00:00:00.000Z,5411.786,1,5,-0.16,BIAS_REVERSAL,11.07
frxXAGUSD,buy,2026-02-23T09:00:00.000Z,86.366,2026-03-03T11:00:00.000Z,79.45672,1,10,-0.80,SL,15.93
CRASH900,buy,2026-02-23T11:00:00.000Z,20798.588,2026-02-28T00:00:00.000Z,20244.483,1,5,-0.13,BIAS_REVERSAL,11.02
R_75,buy,2026-02-24T03:00:00.000Z,36204.676,2026-03-24T00:00:00.000Z,31972.4786,1,5,-0.58,BIAS_REVERSAL,11.22
R_100,sell,2026-02-27T03:30:00.000Z,829.52,2026-03-16T13:15:00.000Z,564.0735999999999,1,5,1.60,TP,12.27
CRASH900,sell,2026-02-28T03:15:00.000Z,20233.314,2026-03-03T00:00:00.000Z,20102.847,1,5,0.03,BIAS_REVERSAL,11.06
1HZ15V,buy,2026-03-07T05:45:00.000Z,12575.403,2026-03-19T00:00:00.000Z,12412.58,1,10,-0.13,BIAS_REVERSAL,10.04
frxUSDJPY,buy,2026-03-09T08:15:00.000Z,158.518,2026-07-09T08:30:00.000Z,162.331,1,10,0.24,EOD_MARK,9.70
frxEURCAD,sell,2026-03-09T08:15:00.000Z,1.56616,2026-04-15T00:00:00.000Z,1.62361,1,10,-0.37,BIAS_REVERSAL,9.78
frxGBPJPY,buy,2026-03-10T11:30:00.000Z,212.204,2026-07-09T08:30:00.000Z,217.856,1,10,0.27,EOD_MARK,10.54
JD50,buy,2026-03-12T04:30:00.000Z,29789.77,2026-04-06T20:15:00.000Z,34556.1332,1,10,1.60,TP,15.40
BOOM1000,buy,2026-03-13T04:30:00.000Z,14839.395,2026-03-16T00:00:00.000Z,15181.74,1,5,0.12,BIAS_REVERSAL,10.62
frxUSDCAD,buy,2026-03-13T07:00:00.000Z,1.36529,2026-05-01T00:00:00.000Z,1.35793,1,10,-0.05,BIAS_REVERSAL,9.93
CRASH50,sell,2026-03-19T20:45:00.000Z,98911.299,2026-04-05T00:00:00.000Z,99788.624,1,5,-0.04,BIAS_REVERSAL,9.99
R_100,sell,2026-03-21T04:30:00.000Z,601.89,2026-03-26T02:00:00.000Z,698.1923999999999,1,5,-0.80,SL,11.47
BOOM500,sell,2026-03-27T02:00:00.000Z,5198.729,2026-04-16T00:00:00.000Z,5272.042,1,5,-0.07,BIAS_REVERSAL,11.00
frxNZDUSD,sell,2026-04-03T16:00:00.000Z,0.56949,2026-04-16T00:00:00.000Z,0.59118,1,10,-0.38,BIAS_REVERSAL,9.10
1HZ10V,buy,2026-04-05T06:00:00.000Z,9874.06,2026-05-06T00:00:00.000Z,9931.5,1,10,0.06,BIAS_REVERSAL,10.58
cryETHUSD,buy,2026-04-06T09:00:00.000Z,2137.545,2026-05-18T00:00:00.000Z,2119.397,1,5,-0.04,BIAS_REVERSAL,10.89
BOOM50,buy,2026-04-11T02:00:00.000Z,103733.271,2026-04-18T00:00:00.000Z,104157.939,1,5,0.02,BIAS_REVERSAL,9.97
BOOM1000,sell,2026-04-12T02:15:00.000Z,13789.655,2026-04-17T00:00:00.000Z,14099.606,1,5,-0.11,BIAS_REVERSAL,10.51
R_100,buy,2026-04-13T22:45:00.000Z,791.11,2026-04-27T00:00:00.000Z,692.86,1,5,-0.62,BIAS_REVERSAL,10.85
1HZ15V,buy,2026-04-16T15:45:00.000Z,13384.946,2026-04-21T00:00:00.000Z,12991.217,1,10,-0.29,BIAS_REVERSAL,9.75
BOOM1000,buy,2026-04-17T11:15:00.000Z,14277.689,2026-04-22T00:00:00.000Z,14443.576,1,5,0.06,BIAS_REVERSAL,10.56
CRASH900,sell,2026-04-20T09:30:00.000Z,18989.491,2026-05-15T00:00:00.000Z,18652.102,1,5,0.09,BIAS_REVERSAL,11.15
JD100,buy,2026-04-24T03:00:00.000Z,448.55,2026-05-16T19:30:00.000Z,592.086,1,5,1.60,TP,14.72
STPRNG3,buy,2026-04-25T21:00:00.000Z,11708.8,2026-05-03T00:00:00.000Z,11360.5,1,10,-0.30,BIAS_REVERSAL,10.53
STPRNG,buy,2026-04-27T13:00:00.000Z,8028.1,2026-05-09T00:00:00.000Z,7939.3,1,10,-0.11,BIAS_REVERSAL,9.61
CRASH50,sell,2026-05-02T14:45:00.000Z,97568.171,2026-05-07T00:00:00.000Z,98040.819,1,5,-0.02,BIAS_REVERSAL,9.97
BOOM50,buy,2026-05-04T01:00:00.000Z,104865.784,2026-05-31T00:00:00.000Z,106264.175,1,5,0.07,BIAS_REVERSAL,10.03
1HZ15V,buy,2026-05-06T07:45:00.000Z,13094.331,2026-05-09T00:00:00.000Z,12706.397,1,10,-0.30,BIAS_REVERSAL,9.45
frxXAGUSD,buy,2026-05-06T08:45:00.000Z,76.0145,2026-05-13T14:30:00.000Z,88.17681999999999,1,10,1.60,TP,17.53
R_100,sell,2026-05-13T13:30:00.000Z,417.11,2026-06-12T00:00:00.000Z,369.02,1,5,0.58,BIAS_REVERSAL,11.43
JD100,buy,2026-05-17T04:15:00.000Z,615.69,2026-05-18T10:30:00.000Z,517.1796,1,5,-0.80,SL,13.92
JD50,buy,2026-05-19T12:15:00.000Z,41072.28,2026-05-29T00:00:00.000Z,39586.14,1,10,-0.36,BIAS_REVERSAL,15.03
frxEURCHF,sell,2026-05-22T07:15:00.000Z,0.91376,2026-06-04T00:00:00.000Z,0.91836,1,10,-0.05,BIAS_REVERSAL,9.81
frxUSDCAD,buy,2026-05-28T09:45:00.000Z,1.38618,2026-07-09T08:30:00.000Z,1.41833,1,10,0.23,EOD_MARK,10.16
JD50,buy,2026-06-01T01:00:00.000Z,44377.31,2026-06-09T05:00:00.000Z,51477.679599999996,1,10,1.60,TP,16.63
JD100,sell,2026-06-01T06:15:00.000Z,321.4,2026-06-13T01:45:00.000Z,218.55199999999996,1,5,1.60,TP,15.52
cryETHUSD,sell,2026-06-03T19:15:00.000Z,1827.428,2026-06-16T00:00:00.000Z,1796.285,1,5,0.09,BIAS_REVERSAL,10.98
frxEURCAD,buy,2026-06-04T07:45:00.000Z,1.6152,2026-07-09T08:30:00.000Z,1.62116,1,10,0.04,EOD_MARK,9.82
BOOM50,buy,2026-06-08T22:00:00.000Z,105502.233,2026-06-21T00:00:00.000Z,105262.45,1,5,-0.01,BIAS_REVERSAL,10.02
JD50,buy,2026-06-09T05:00:00.000Z,51210.16,2026-06-14T14:45:00.000Z,59403.7856,1,10,1.60,TP,18.23
frxXAUUSD,sell,2026-06-10T08:00:00.000Z,4186.28,2026-07-09T08:45:00.000Z,4112.92,1,10,0.18,EOD_MARK,11.67
STPRNG,sell,2026-06-12T14:45:00.000Z,7981.1,2026-06-26T00:00:00.000Z,8035.4,1,10,-0.07,BIAS_REVERSAL,9.54
JD50,buy,2026-06-14T16:45:00.000Z,59484.25,2026-06-20T01:45:00.000Z,69001.73,1,10,1.60,TP,19.83
JD100,sell,2026-06-15T02:45:00.000Z,207.38,2026-06-25T07:00:00.000Z,240.56079999999997,1,5,-0.80,SL,14.72
frxXAGUSD,sell,2026-06-19T11:00:00.000Z,64.849,2026-07-09T08:45:00.000Z,59.3115,1,10,0.85,EOD_MARK,18.38
JD50,buy,2026-06-20T03:45:00.000Z,69275.12,2026-06-28T06:15:00.000Z,80359.13919999999,1,10,1.60,TP,21.43
R_100,sell,2026-06-20T06:30:00.000Z,334.28,2026-07-03T00:00:00.000Z,324.96,1,5,0.14,BIAS_REVERSAL,11.57
BOOM50,sell,2026-06-21T01:00:00.000Z,105213.417,2026-07-09T08:45:00.000Z,106112.108,1,5,-0.04,EOD_MARK,9.98
frxAUDUSD,sell,2026-06-23T08:15:00.000Z,0.69488,2026-07-09T08:30:00.000Z,0.69395,1,10,0.01,EOD_MARK,9.98
CRASH50,buy,2026-06-24T04:00:00.000Z,99903.032,2026-07-09T00:00:00.000Z,98905.645,1,5,-0.05,BIAS_REVERSAL,9.92
cryETHUSD,sell,2026-06-24T16:45:00.000Z,1622.815,2026-07-04T00:00:00.000Z,1760.695,1,5,-0.42,BIAS_REVERSAL,10.55
JD50,buy,2026-06-28T10:15:00.000Z,80892.77,2026-07-01T10:00:00.000Z,74421.3484,1,10,-0.80,SL,20.63
JD50,buy,2026-07-03T04:00:00.000Z,77266.5,2026-07-05T23:15:00.000Z,71085.18000000001,1,10,-0.80,SL,19.83
1HZ10V,sell,2026-07-06T01:00:00.000Z,9691.27,2026-07-09T09:00:00.000Z,9552.23,1,10,0.14,EOD_MARK,10.73